time,P_stack,T_stack,H2,Q_delivered,W_pump,degradation_cost,y_on,y_off,y_standby,y_cold_start,wind,price,window_H2_max,active_mode
0,0.0,298.15,0.0,0.0,0.0,0.0,0.0,1.0,0.0,0.0,287360.6382,45.45,,
1,13500.0,304.0393867359022,0.0,0.0,0.0,0.0,0.0,0.0,0.0,1.0,269210.2371,45.45,63009.57083147093,10.0
2,13500.0,309.4765132461889,0.0,0.0,0.0,0.0,0.0,0.0,0.0,1.0,258996.8717,45.45,63459.910188678885,111.0
3,13500.0,314.46708090669597,0.0,0.0,0.0,0.0,0.0,0.0,0.0,1.0,270725.9771,45.45,63910.249545886836,212.0
4,128250.0,350.649,412.40017956601946,40309.57742036163,9789.105206751576,72.64269565646264,1.0,0.0,0.0,0.0,287280.1971,45.45,64360.58890309478,398.0
5,128250.0,350.649,445.5917505405248,22368.1103401004,362.13690708793007,296.9933041956159,1.0,0.0,0.0,0.0,303026.9252,45.45,64848.86743794466,1104.0
6,128250.0,350.649,445.5917505405248,22368.1103401004,362.13690708793007,296.9933041956159,1.0,0.0,0.0,0.0,344884.094,38.88,64848.86743794466,1104.0
7,128250.0,350.649,445.5917505405248,22368.1103401004,362.13690708793007,296.9933041956159,1.0,0.0,0.0,0.0,370621.523,38.88,64848.86743794466,1104.0
8,128250.0,350.649,445.5917505405248,22368.1103401004,362.13690708793007,296.9933041956159,1.0,0.0,0.0,0.0,369356.207,38.88,64848.86743794466,1104.0
9,128250.0,350.649,445.5917505405248,22368.1103401004,362.13690708793007,296.9933041956159,1.0,0.0,0.0,0.0,377456.559,38.88,64848.86743794466,1104.0
10,128250.0,350.649,445.5917505405248,22368.1103401004,362.13690708793007,296.9933041956159,1.0,0.0,0.0,0.0,357732.314,38.88,64848.86743794466,1104.0
11,128250.0,350.649,445.5917505405248,22368.1103401004,362.13690708793007,296.9933041956159,1.0,0.0,0.0,0.0,353041.736,38.88,64848.86743794466,1104.0
12,128250.0,350.649,445.5917505405248,22368.1103401004,362.13690708793007,296.9933041956159,1.0,0.0,0.0,0.0,349398.516,36.269999999999996,64848.86743794466,1104.0
13,128250.0,350.649,445.5917505405248,22368.1103401004,362.13690708793007,296.9933041956159,1.0,0.0,0.0,0.0,345657.202,36.269999999999996,64848.86743794466,1104.0
14,128250.0,350.649,445.5917505405248,22368.1103401004,362.13690708793007,296.9933041956159,1.0,0.0,0.0,0.0,335911.316,36.269999999999996,64848.86743794466,1104.0
15,128250.0,350.649,445.5917505405248,22368.1103401004,362.13690708793007,296.9933041956159,1.0,0.0,0.0,0.0,334572.059,36.269999999999996,64848.86743794466,1104.0
16,128250.0,350.649,445.5917505405248,22368.1103401004,362.13690708793007,296.9933041956159,1.0,0.0,0.0,0.0,331343.343,36.269999999999996,64848.86743794466,1104.0
17,128250.0,350.649,445.5917505405248,22368.1103401004,362.13690708793007,296.9933041956159,1.0,0.0,0.0,0.0,326532.0564,36.269999999999996,64848.86743794466,1104.0
18,128250.0,350.649,445.5917505405248,22368.1103401004,362.13690708793007,296.9933041956159,1.0,0.0,0.0,0.0,331480.1751,35.099999999999994,64848.86743794466,1104.0
19,128250.0,350.649,445.5917505405248,22368.1103401004,362.13690708793007,296.9933041956159,1.0,0.0,0.0,0.0,334606.7511,35.099999999999994,64848.86743794466,1104.0
20,128250.0,350.649,445.5917505405248,22368.1103401004,362.13690708793007,296.9933041956159,1.0,0.0,0.0,0.0,346433.532,35.099999999999994,64848.86743794466,1104.0
21,128250.0,350.649,445.5917505405248,22368.1103401004,362.13690708793007,296.9933041956159,1.0,0.0,0.0,0.0,345408.94,35.099999999999994,64514.06919367864,1104.0
22,128250.0,350.649,445.5917505405248,22368.1103401004,362.13690708793007,296.9933041956159,1.0,0.0,0.0,0.0,358824.306,35.099999999999994,64063.72983647069,1104.0
23,128250.0,350.649,445.5917505405248,22368.1103401004,362.13690708793007,296.9933041956159,1.0,0.0,0.0,0.0,353195.287,35.099999999999994,63613.390479262736,1104.0
24,128250.0,350.649,445.5917505405248,22368.1103401004,362.13690708793007,296.9933041956159,1.0,0.0,0.0,0.0,331238.8774,34.980000000000004,63163.05112205479,1104.0
25,128250.0,350.649,445.5917505405248,22368.1103401004,362.13690708793007,296.9933041956159,1.0,0.0,0.0,0.0,328037.07,34.980000000000004,62712.71176484684,1104.0
26,128250.0,350.649,445.5917505405248,22368.1103401004,362.13690708793007,296.9933041956159,1.0,0.0,0.0,0.0,332128.408,34.980000000000004,62262.37240763889,1104.0
27,128250.0,350.649,445.5917505405248,22368.1103401004,362.13690708793007,296.9933041956159,1.0,0.0,0.0,0.0,333708.943,34.980000000000004,62257.62480097147,1104.0
28,128250.0,350.649,445.5917505405248,22368.1103401004,362.13690708793007,296.9933041956159,1.0,0.0,0.0,0.0,353350.529,34.980000000000004,62257.62480097147,1104.0
29,128250.0,350.649,445.5917505405248,22368.1103401004,362.13690708793007,296.9933041956159,1.0,0.0,0.0,0.0,370554.872,34.980000000000004,62257.62480097147,1104.0
30,128250.0,350.649,445.5917505405248,22368.1103401004,362.13690708793007,296.9933041956159,1.0,0.0,0.0,0.0,383697.358,34.05,62257.62480097147,1104.0
31,128250.0,350.649,445.5917505405248,22368.1103401004,362.13690708793007,296.9933041956159,1.0,0.0,0.0,0.0,393487.557,34.05,62257.62480097147,1104.0
32,128250.0,350.649,445.5917505405248,22368.1103401004,362.13690708793007,296.9933041956159,1.0,0.0,0.0,0.0,395637.811,34.05,62257.62480097147,1104.0
33,128250.0,350.649,445.5917505405248,22368.1103401004,362.13690708793007,296.9933041956159,1.0,0.0,0.0,0.0,396279.061,34.05,62257.62480097147,1104.0
34,128250.0,350.649,445.5917505405248,22368.1103401004,362.13690708793007,296.9933041956159,1.0,0.0,0.0,0.0,396465.92,34.05,62257.62480097147,1104.0
35,128250.0,350.649,445.5917505405248,22368.1103401004,362.13690708793007,296.9933041956159,1.0,0.0,0.0,0.0,396145.665,34.05,62257.62480097147,1104.0
36,128250.0,350.649,445.5917505405248,22368.1103401004,362.13690708793007,296.9933041956159,1.0,0.0,0.0,0.0,393578.621,29.549999999999997,62257.62480097147,1104.0
37,128250.0,350.649,445.5917505405248,22368.1103401004,362.13690708793007,296.9933041956159,1.0,0.0,0.0,0.0,393502.786,29.549999999999997,62257.62480097147,1104.0
38,128250.0,350.649,445.5917505405248,22368.1103401004,362.13690708793007,296.9933041956159,1.0,0.0,0.0,0.0,392944.484,29.549999999999997,62257.62480097147,1104.0
39,128250.0,350.649,445.5917505405248,22368.1103401004,362.13690708793007,296.9933041956159,1.0,0.0,0.0,0.0,393558.116,29.549999999999997,62257.62480097147,1104.0
40,128250.0,350.649,445.5917505405248,22368.1103401004,362.13690708793007,296.9933041956159,1.0,0.0,0.0,0.0,393577.983,29.549999999999997,62257.62480097147,1104.0
41,128250.0,350.649,445.5917505405248,22368.1103401004,362.13690708793007,296.9933041956159,1.0,0.0,0.0,0.0,393577.392,29.549999999999997,62257.62480097147,1104.0
42,128250.0,350.649,445.5917505405248,22368.1103401004,362.13690708793007,296.9933041956159,1.0,0.0,0.0,0.0,392849.416,61.53,62257.62480097147,1104.0
43,128250.0,350.649,445.5917505405248,22368.1103401004,362.13690708793007,296.9933041956159,1.0,0.0,0.0,0.0,393050.361,61.53,62257.62480097147,1104.0
44,128250.0,350.649,445.5917505405248,22368.1103401004,362.13690708793007,296.9933041956159,1.0,0.0,0.0,0.0,396451.041,61.53,62257.62480097147,1104.0
45,128250.0,350.649,445.5917505405248,22368.1103401004,362.13690708793007,296.9933041956159,1.0,0.0,0.0,0.0,397170.91,61.53,62257.62480097147,1104.0
46,128250.0,350.649,445.5917505405248,22368.1103401004,362.13690708793007,296.9933041956159,1.0,0.0,0.0,0.0,396846.467,61.53,62257.62480097147,1104.0
47,128250.0,350.649,445.5917505405248,22368.1103401004,362.13690708793007,296.9933041956159,1.0,0.0,0.0,0.0,396955.669,61.53,62257.62480097147,1104.0
48,128250.0,350.649,445.5917505405248,22368.1103401004,362.13690708793007,296.9933041956159,1.0,0.0,0.0,0.0,397107.861,76.19999999999999,62257.62480097147,1104.0
49,128250.0,350.649,445.5917505405248,22368.1103401004,362.13690708793007,296.9933041956159,1.0,0.0,0.0,0.0,396824.763,76.19999999999999,62257.62480097147,1104.0
50,128250.0,350.649,445.5917505405248,22368.1103401004,362.13690708793007,296.9933041956159,1.0,0.0,0.0,0.0,396700.661,76.19999999999999,62257.62480097147,1104.0
51,128250.0,350.649,445.5917505405248,22368.1103401004,362.13690708793007,296.9933041956159,1.0,0.0,0.0,0.0,395323.467,76.19999999999999,62257.62480097147,1104.0
52,128250.0,350.649,445.5917505405248,22368.1103401004,362.13690708793007,296.9933041956159,1.0,0.0,0.0,0.0,393308.974,76.19999999999999,62257.62480097147,1104.0
53,128250.0,350.649,445.5917505405248,22368.1103401004,362.13690708793007,296.9933041956159,1.0,0.0,0.0,0.0,393951.48,76.19999999999999,62257.62480097147,1104.0
54,128250.0,350.649,445.5917505405248,22368.1103401004,362.13690708793007,296.9933041956159,1.0,0.0,0.0,0.0,392610.128,76.350003,62257.62480097147,1104.0
55,128250.0,350.649,445.5917505405248,22368.1103401004,362.13690708793007,296.9933041956159,1.0,0.0,0.0,0.0,395120.818,76.350003,62257.62480097147,1104.0
56,128250.0,350.649,445.5917505405248,22368.1103401004,362.13690708793007,296.9933041956159,1.0,0.0,0.0,0.0,392589.1998,76.350003,62257.62480097147,1104.0
57,128250.0,350.649,445.5917505405248,22368.1103401004,362.13690708793007,296.9933041956159,1.0,0.0,0.0,0.0,391541.291,76.350003,62257.62480097147,1104.0
58,128250.0,350.649,445.5917505405248,22368.1103401004,362.13690708793007,296.9933041956159,1.0,0.0,0.0,0.0,390602.732,76.350003,62257.62480097147,1104.0
59,128250.0,350.649,445.5917505405248,22368.1103401004,362.13690708793007,296.9933041956159,1.0,0.0,0.0,0.0,388203.047,76.350003,62257.62480097147,1104.0
60,128250.0,350.649,445.5917505405248,22368.1103401004,362.13690708793007,296.9933041956159,1.0,0.0,0.0,0.0,388357.895,73.88999700000001,62257.62480097147,1104.0
61,128250.0,350.649,445.5917505405248,22368.1103401004,362.13690708793007,296.9933041956159,1.0,0.0,0.0,0.0,380808.018,73.88999700000001,62257.62480097147,1104.0
62,128250.0,350.649,445.5917505405248,22368.1103401004,362.13690708793007,296.9933041956159,1.0,0.0,0.0,0.0,368809.372,73.88999700000001,62257.62480097147,1104.0
63,128250.0,350.649,445.5917505405248,22368.1103401004,362.13690708793007,296.9933041956159,1.0,0.0,0.0,0.0,384379.138,73.88999700000001,62257.62480097147,1104.0
64,128250.0,350.649,445.5917505405248,22368.1103401004,362.13690708793007,296.9933041956159,1.0,0.0,0.0,0.0,383053.133,73.88999700000001,62257.62480097147,1104.0
65,128250.0,350.649,445.5917505405248,22368.1103401004,362.13690708793007,296.9933041956159,1.0,0.0,0.0,0.0,377577.406,73.88999700000001,62257.62480097147,1104.0
66,128250.0,350.649,445.5917505405248,22368.1103401004,362.13690708793007,296.9933041956159,1.0,0.0,0.0,0.0,380662.124,80.28,62257.62480097147,1104.0
67,128250.0,350.649,445.5917505405248,22368.1103401004,362.13690708793007,296.9933041956159,1.0,0.0,0.0,0.0,380993.206,80.28,62257.62480097147,1104.0
68,128250.0,350.649,445.5917505405248,22368.1103401004,362.13690708793007,296.9933041956159,1.0,0.0,0.0,0.0,379752.238,80.28,62257.62480097147,1104.0
69,128250.0,350.649,445.5917505405248,22368.1103401004,362.13690708793007,296.9933041956159,1.0,0.0,0.0,0.0,378888.602,80.28,62257.62480097147,1104.0
70,128250.0,350.649,445.5917505405248,22368.1103401004,362.13690708793007,296.9933041956159,1.0,0.0,0.0,0.0,368957.385,80.28,62257.62480097147,1104.0
71,128250.0,350.649,445.5917505405248,22368.1103401004,362.13690708793007,296.9933041956159,1.0,0.0,0.0,0.0,371167.686,80.28,62257.62480097147,1104.0
72,128250.0,350.649,445.5917505405248,22368.1103401004,362.13690708793007,296.9933041956159,1.0,0.0,0.0,0.0,361384.025,80.61000299999999,62257.62480097147,1104.0
73,128250.0,350.649,445.5917505405248,22368.1103401004,362.13690708793007,296.9933041956159,1.0,0.0,0.0,0.0,353402.2809,80.61000299999999,62257.62480097147,1104.0
74,128250.0,350.649,445.5917505405248,22368.1103401004,362.13690708793007,296.9933041956159,1.0,0.0,0.0,0.0,345500.329,80.61000299999999,62257.62480097147,1104.0
75,128250.0,350.649,445.5917505405248,22368.1103401004,362.13690708793007,296.9933041956159,1.0,0.0,0.0,0.0,340423.789,80.61000299999999,62257.62480097147,1104.0
76,128250.0,350.649,445.5917505405248,22368.1103401004,362.13690708793007,296.9933041956159,1.0,0.0,0.0,0.0,335321.938,80.61000299999999,62257.62480097147,1104.0
77,128250.0,350.649,445.5917505405248,22368.1103401004,362.13690708793007,296.9933041956159,1.0,0.0,0.0,0.0,341398.261,80.61000299999999,62257.62480097147,1104.0
78,128250.0,350.649,445.5917505405248,22368.1103401004,362.13690708793007,296.9933041956159,1.0,0.0,0.0,0.0,345107.582,86.46000000000001,62257.62480097147,1104.0
79,128250.0,350.649,445.5917505405248,22368.1103401004,362.13690708793007,296.9933041956159,1.0,0.0,0.0,0.0,328759.9051,86.46000000000001,62257.62480097147,1104.0
80,128250.0,350.649,445.5917505405248,22368.1103401004,362.13690708793007,296.9933041956159,1.0,0.0,0.0,0.0,315423.667,86.46000000000001,62257.62480097147,1104.0
81,128250.0,350.649,445.5917505405248,22368.1103401004,362.13690708793007,296.9933041956159,1.0,0.0,0.0,0.0,326629.624,86.46000000000001,62257.62480097147,1104.0
82,128250.0,350.649,445.5917505405248,22368.1103401004,362.13690708793007,296.9933041956159,1.0,0.0,0.0,0.0,337066.9898,86.46000000000001,62257.62480097147,1104.0
83,128250.0,350.649,445.5917505405248,22368.1103401004,362.13690708793007,296.9933041956159,1.0,0.0,0.0,0.0,323040.744,86.46000000000001,62257.62480097147,1104.0
84,128250.0,350.649,445.5917505405248,22368.1103401004,362.13690708793007,296.9933041956159,1.0,0.0,0.0,0.0,322660.6517,87.179997,62257.62480097147,1104.0
85,128250.0,350.649,445.5917505405248,22368.1103401004,362.13690708793007,296.9933041956159,1.0,0.0,0.0,0.0,300195.9222,87.179997,62257.62480097147,1104.0
86,128250.0,350.649,445.5917505405248,22368.1103401004,362.13690708793007,296.9933041956159,1.0,0.0,0.0,0.0,288659.6699,87.179997,62257.62480097147,1104.0
87,128250.0,350.649,445.5917505405248,22368.1103401004,362.13690708793007,296.9933041956159,1.0,0.0,0.0,0.0,296112.662,87.179997,62257.62480097147,1104.0
88,128250.0,350.649,445.5917505405248,22368.1103401004,362.13690708793007,296.9933041956159,1.0,0.0,0.0,0.0,306055.7362,87.179997,62257.62480097147,1104.0
89,128250.0,350.649,445.5917505405248,22368.1103401004,362.13690708793007,296.9933041956159,1.0,0.0,0.0,0.0,326572.0429,87.179997,62257.62480097147,1104.0
90,128250.0,350.649,445.5917505405248,22368.1103401004,362.13690708793007,296.9933041956159,1.0,0.0,0.0,0.0,323647.716,83.63999700000001,62257.62480097147,1104.0
91,128250.0,350.649,445.5917505405248,22368.1103401004,362.13690708793007,296.9933041956159,1.0,0.0,0.0,0.0,295148.505,83.63999700000001,62257.62480097147,1104.0
92,128250.0,350.649,445.5917505405248,22368.1103401004,362.13690708793007,296.9933041956159,1.0,0.0,0.0,0.0,257018.857,83.63999700000001,62257.62480097147,1104.0
93,128250.0,350.649,445.5917505405248,22368.1103401004,362.13690708793007,296.9933041956159,1.0,0.0,0.0,0.0,244577.93,83.63999700000001,62257.62480097147,1104.0
94,128250.0,350.649,445.5917505405248,22368.1103401004,362.13690708793007,296.9933041956159,1.0,0.0,0.0,0.0,237568.457,83.63999700000001,62257.62480097147,1104.0
95,128250.0,350.649,445.5917505405248,22368.1103401004,362.13690708793007,296.9933041956159,1.0,0.0,0.0,0.0,236801.04572,83.63999700000001,62257.62480097147,1104.0
96,128250.0,350.649,445.5917505405248,22368.1103401004,362.13690708793007,296.9933041956159,1.0,0.0,0.0,0.0,238826.576,96.33000299999999,62257.62480097147,1104.0
97,128250.0,350.649,445.5917505405248,22368.1103401004,362.13690708793007,296.9933041956159,1.0,0.0,0.0,0.0,250166.483,96.33000299999999,62257.62480097147,1104.0
98,128250.0,350.649,445.5917505405248,22368.1103401004,362.13690708793007,296.9933041956159,1.0,0.0,0.0,0.0,246536.374,96.33000299999999,62257.62480097147,1104.0
99,128250.0,350.649,445.5917505405248,22368.1103401004,362.13690708793007,296.9933041956159,1.0,0.0,0.0,0.0,239582.838,96.33000299999999,62257.62480097147,1104.0
100,128250.0,350.649,445.5917505405248,22368.1103401004,362.13690708793007,296.9933041956159,1.0,0.0,0.0,0.0,212836.6497,96.33000299999999,62257.62480097147,1104.0
101,128250.0,350.649,445.5917505405248,22368.1103401004,362.13690708793007,296.9933041956159,1.0,0.0,0.0,0.0,190248.2469,96.33000299999999,62257.62480097147,1104.0
102,128250.0,350.649,445.5917505405248,22368.1103401004,362.13690708793007,296.9933041956159,1.0,0.0,0.0,0.0,185868.1374,98.64000300000001,62257.62480097147,1104.0
103,128250.0,350.649,445.5917505405248,22368.1103401004,362.13690708793007,296.9933041956159,1.0,0.0,0.0,0.0,175170.5138,98.64000300000001,62257.62480097147,1104.0
104,128250.0,350.649,445.5917505405248,22368.1103401004,362.13690708793007,296.9933041956159,1.0,0.0,0.0,0.0,159948.4198,98.64000300000001,62257.62480097147,1104.0
105,128250.0,350.649,445.5917505405248,22368.1103401004,362.13690708793007,296.9933041956159,1.0,0.0,0.0,0.0,158089.7393,98.64000300000001,62257.62480097147,1104.0
106,128250.0,350.649,445.5917505405248,22368.1103401004,362.13690708793007,296.9933041956159,1.0,0.0,0.0,0.0,166567.5629,98.64000300000001,62257.62480097147,1104.0
107,128250.0,350.649,445.5917505405248,22368.1103401004,362.13690708793007,296.9933041956159,1.0,0.0,0.0,0.0,176033.232,98.64000300000001,62257.62480097147,1104.0
108,128250.0,350.649,445.5917505405248,22368.1103401004,362.13690708793007,296.9933041956159,1.0,0.0,0.0,0.0,177932.3914,96.66000300000002,62257.62480097147,1104.0
109,128250.0,350.649,445.5917505405248,22368.1103401004,362.13690708793007,296.9933041956159,1.0,0.0,0.0,0.0,179420.3783,96.66000300000002,62257.62480097147,1104.0
110,128250.0,350.649,445.5917505405248,22368.1103401004,362.13690708793007,296.9933041956159,1.0,0.0,0.0,0.0,185111.9576,96.66000300000002,62257.62480097147,1104.0
111,128250.0,350.649,445.5917505405248,22368.1103401004,362.13690708793007,296.9933041956159,1.0,0.0,0.0,0.0,187483.972,96.66000300000002,62257.62480097147,1104.0
112,128250.0,350.649,445.5917505405248,22368.1103401004,362.13690708793007,296.9933041956159,1.0,0.0,0.0,0.0,194539.8185,96.66000300000002,62257.62480097147,1104.0
113,128250.0,350.649,445.5917505405248,22368.1103401004,362.13690708793007,296.9933041956159,1.0,0.0,0.0,0.0,209044.7611,96.66000300000002,62257.62480097147,1104.0
114,128250.0,350.649,445.5917505405248,22368.1103401004,362.13690708793007,296.9933041956159,1.0,0.0,0.0,0.0,208177.6438,91.88999700000001,62257.62480097147,1104.0
115,128250.0,350.649,445.5917505405248,22368.1103401004,362.13690708793007,296.9933041956159,1.0,0.0,0.0,0.0,206863.8129,91.88999700000001,62257.62480097147,1104.0
116,128250.0,350.649,445.5917505405248,22368.1103401004,362.13690708793007,296.9933041956159,1.0,0.0,0.0,0.0,175793.8013,91.88999700000001,62257.62480097147,1104.0
117,128250.0,350.649,445.5917505405248,22368.1103401004,362.13690708793007,296.9933041956159,1.0,0.0,0.0,0.0,167527.831,91.88999700000001,62257.62480097147,1104.0
118,128250.0,350.649,445.5917505405248,22368.1103401004,362.13690708793007,296.9933041956159,1.0,0.0,0.0,0.0,197592.42,91.88999700000001,62257.62480097147,1104.0
119,128250.0,350.649,445.5917505405248,22368.1103401004,362.13690708793007,296.9933041956159,1.0,0.0,0.0,0.0,209742.3405,91.88999700000001,62257.62480097147,1104.0
120,128250.0,350.649,445.5917505405248,22368.1103401004,362.13690708793007,296.9933041956159,1.0,0.0,0.0,0.0,201692.1713,85.919997,62257.62480097147,1104.0
121,128250.0,350.649,445.5917505405248,22368.1103401004,362.13690708793007,296.9933041956159,1.0,0.0,0.0,0.0,214305.5528,85.919997,62257.62480097147,1104.0
122,128250.0,350.649,445.5917505405248,22368.1103401004,362.13690708793007,296.9933041956159,1.0,0.0,0.0,0.0,226914.0633,85.919997,62257.62480097147,1104.0
123,128250.0,350.649,445.5917505405248,22368.1103401004,362.13690708793007,296.9933041956159,1.0,0.0,0.0,0.0,258178.4644,85.919997,62257.62480097147,1104.0
124,128250.0,350.649,445.5917505405248,22368.1103401004,362.13690708793007,296.9933041956159,1.0,0.0,0.0,0.0,277825.855,85.919997,62257.62480097147,1104.0
125,128250.0,350.649,445.5917505405248,22368.1103401004,362.13690708793007,296.9933041956159,1.0,0.0,0.0,0.0,297789.218,85.919997,62257.62480097147,1104.0
126,128250.0,350.649,445.5917505405248,22368.1103401004,362.13690708793007,296.9933041956159,1.0,0.0,0.0,0.0,330661.586,60.269999999999996,62257.62480097147,1104.0
127,128250.0,350.649,445.5917505405248,22368.1103401004,362.13690708793007,296.9933041956159,1.0,0.0,0.0,0.0,324485.238,60.269999999999996,62257.62480097147,1104.0
128,128250.0,350.649,445.5917505405248,22368.1103401004,362.13690708793007,296.9933041956159,1.0,0.0,0.0,0.0,315103.068,60.269999999999996,62257.62480097147,1104.0
129,128250.0,350.649,445.5917505405248,22368.1103401004,362.13690708793007,296.9933041956159,1.0,0.0,0.0,0.0,338368.2304,60.269999999999996,62257.62480097147,1104.0
130,128250.0,350.649,445.5917505405248,22368.1103401004,362.13690708793007,296.9933041956159,1.0,0.0,0.0,0.0,342284.605,60.269999999999996,62257.62480097147,1104.0
131,128250.0,350.649,445.5917505405248,22368.1103401004,362.13690708793007,296.9933041956159,1.0,0.0,0.0,0.0,362336.31,60.269999999999996,62257.62480097147,1104.0
132,128250.0,350.649,445.5917505405248,22368.1103401004,362.13690708793007,296.9933041956159,1.0,0.0,0.0,0.0,356629.603,45.3,62257.62480097147,1104.0
133,128250.0,350.649,445.5917505405248,22368.1103401004,362.13690708793007,296.9933041956159,1.0,0.0,0.0,0.0,355682.855,45.3,62257.62480097147,1104.0
134,128250.0,350.649,445.5917505405248,22368.1103401004,362.13690708793007,296.9933041956159,1.0,0.0,0.0,0.0,353771.203,45.3,62257.62480097147,1104.0
135,128250.0,350.649,445.5917505405248,22368.1103401004,362.13690708793007,296.9933041956159,1.0,0.0,0.0,0.0,351977.719,45.3,62257.62480097147,1104.0
136,128250.0,350.649,445.5917505405248,22368.1103401004,362.13690708793007,296.9933041956159,1.0,0.0,0.0,0.0,357807.991,45.3,62257.62480097147,1104.0
137,128250.0,350.649,445.5917505405248,22368.1103401004,362.13690708793007,296.9933041956159,1.0,0.0,0.0,0.0,360486.472,45.3,62257.62480097147,1104.0
138,128250.0,350.649,445.5917505405248,22368.1103401004,362.13690708793007,296.9933041956159,1.0,0.0,0.0,0.0,366670.676,38.849999999999994,62257.62480097147,1104.0
139,128250.0,350.649,445.5917505405248,22368.1103401004,362.13690708793007,296.9933041956159,1.0,0.0,0.0,0.0,373833.298,38.849999999999994,62257.62480097147,1104.0
140,128250.0,350.649,445.5917505405248,22368.1103401004,362.13690708793007,296.9933041956159,1.0,0.0,0.0,0.0,376435.866,38.849999999999994,62257.62480097147,1104.0
141,128250.0,350.649,445.5917505405248,22368.1103401004,362.13690708793007,296.9933041956159,1.0,0.0,0.0,0.0,380657.96,38.849999999999994,62257.62480097147,1104.0
142,128250.0,350.649,445.5917505405248,22368.1103401004,362.13690708793007,296.9933041956159,1.0,0.0,0.0,0.0,380761.534,38.849999999999994,62257.62480097147,1104.0
143,128250.0,350.649,445.5917505405248,22368.1103401004,362.13690708793007,296.9933041956159,1.0,0.0,0.0,0.0,388137.537,38.849999999999994,62257.62480097147,1104.0
144,128250.0,350.649,445.5917505405248,22368.1103401004,362.13690708793007,296.9933041956159,1.0,0.0,0.0,0.0,388661.424,22.98,62257.62480097147,1104.0
145,128250.0,350.649,445.5917505405248,22368.1103401004,362.13690708793007,296.9933041956159,1.0,0.0,0.0,0.0,389504.968,22.98,62257.62480097147,1104.0
146,128250.0,350.649,445.5917505405248,22368.1103401004,362.13690708793007,296.9933041956159,1.0,0.0,0.0,0.0,387584.5349,22.98,62257.62480097147,1104.0
147,128250.0,350.649,445.5917505405248,22368.1103401004,362.13690708793007,296.9933041956159,1.0,0.0,0.0,0.0,387205.639,22.98,62257.62480097147,1104.0
148,128250.0,350.649,445.5917505405248,22368.1103401004,362.13690708793007,296.9933041956159,1.0,0.0,0.0,0.0,388254.497,22.98,62257.62480097147,1104.0
149,128250.0,350.649,445.5917505405248,22368.1103401004,362.13690708793007,296.9933041956159,1.0,0.0,0.0,0.0,391192.622,22.98,62257.62480097147,1104.0
150,128250.0,350.649,445.5917505405248,22368.1103401004,362.13690708793007,296.9933041956159,1.0,0.0,0.0,0.0,392277.214,21.06,62257.62480097147,1104.0
151,128250.0,350.649,445.5917505405248,22368.1103401004,362.13690708793007,296.9933041956159,1.0,0.0,0.0,0.0,391961.963,21.06,62257.62480097147,1104.0
152,128250.0,350.649,445.5917505405248,22368.1103401004,362.13690708793007,296.9933041956159,1.0,0.0,0.0,0.0,393521.266,21.06,62257.62480097147,1104.0
153,128250.0,350.649,445.5917505405248,22368.1103401004,362.13690708793007,296.9933041956159,1.0,0.0,0.0,0.0,395476.924,21.06,62257.62480097147,1104.0
154,128250.0,350.649,445.5917505405248,22368.1103401004,362.13690708793007,296.9933041956159,1.0,0.0,0.0,0.0,395513.93,21.06,62257.62480097147,1104.0
155,128250.0,350.649,445.5917505405248,22368.1103401004,362.13690708793007,296.9933041956159,1.0,0.0,0.0,0.0,394208.303,21.06,62257.62480097147,1104.0
156,128250.0,350.649,445.5917505405248,22368.1103401004,362.13690708793007,296.9933041956159,1.0,0.0,0.0,0.0,395689.956,5.76,62257.62480097147,1104.0
157,128250.0,350.649,445.5917505405248,22368.1103401004,362.13690708793007,296.9933041956159,1.0,0.0,0.0,0.0,395206.334,5.76,62257.62480097147,1104.0
158,128250.0,350.649,445.5917505405248,22368.1103401004,362.13690708793007,296.9933041956159,1.0,0.0,0.0,0.0,395567.91,5.76,62257.62480097147,1104.0
159,128250.0,350.649,445.5917505405248,22368.1103401004,362.13690708793007,296.9933041956159,1.0,0.0,0.0,0.0,395639.244,5.76,62257.62480097147,1104.0
160,128250.0,350.649,445.5917505405248,22368.1103401004,362.13690708793007,296.9933041956159,1.0,0.0,0.0,0.0,395781.926,5.76,62257.62480097147,1104.0
161,128250.0,350.649,445.5917505405248,22368.1103401004,362.13690708793007,296.9933041956159,1.0,0.0,0.0,0.0,394954.169,5.76,62257.62480097147,1104.0
162,128250.0,350.649,445.5917505405248,22368.1103401004,362.13690708793007,296.9933041956159,1.0,0.0,0.0,0.0,392285.376,-0.15000000000000002,62257.62480097147,1104.0
163,29700.0,353.0488700780148,114.52694602148772,2324.6648042507186,37.636032254286235,273.19443348938205,1.0,0.0,0.0,0.0,37643.34037,-0.15000000000000002,62257.62480097147,1031.0
164,0.0,352.4388087638101,0.0,0.0,0.0,37050.0,0.0,1.0,0.0,0.0,3601.693,-0.15000000000000002,62257.62480097147,1110.0
165,0.0,351.83552672951697,0.0,0.0,0.0,0.0,0.0,1.0,0.0,0.0,3601.391,-0.15000000000000002,62592.42304523749,1110.0
166,0.0,351.23894864068126,0.0,0.0,0.0,0.0,0.0,1.0,0.0,0.0,3601.794,-0.15000000000000002,62991.066845901776,1110.0
167,0.0,350.64899999999966,0.0,0.0,0.0,0.0,0.0,1.0,0.0,0.0,3601.108,-0.15000000000000002,63394.059625523834,1110.0
168,0.0,350.0656071380167,0.0,0.0,0.0,92.625,0.0,0.0,1.0,0.0,18157.4051,0.18,63835.85605297404,1110.0
169,128250.0,350.649,445.5917505405248,22368.1103401004,362.13690708793007,296.9933041956159,1.0,0.0,0.0,0.0,387516.2073,0.18,64286.195410181994,1104.0
170,128250.0,350.649,445.5917505405248,22368.1103401004,362.13690708793007,296.9933041956159,1.0,0.0,0.0,0.0,393582.761,0.18,64741.282374057366,1104.0
171,128250.0,350.649,445.5917505405248,22368.1103401004,362.13690708793007,296.9933041956159,1.0,0.0,0.0,0.0,393565.321,0.18,64741.282374057366,1104.0
172,128250.0,350.649,445.5917505405248,22368.1103401004,362.13690708793007,296.9933041956159,1.0,0.0,0.0,0.0,393569.548,0.18,64741.282374057366,1104.0
173,128250.0,350.649,445.5917505405248,22368.1103401004,362.13690708793007,296.9933041956159,1.0,0.0,0.0,0.0,393568.344,0.18,64741.282374057366,1104.0
174,128250.0,350.649,445.5917505405248,22368.1103401004,362.13690708793007,296.9933041956159,1.0,0.0,0.0,0.0,393586.649,21.18,64741.282374057366,1104.0
175,128250.0,350.649,445.5917505405248,22368.1103401004,362.13690708793007,296.9933041956159,1.0,0.0,0.0,0.0,393583.559,21.18,64741.282374057366,1104.0
176,128250.0,350.649,445.5917505405248,22368.1103401004,362.13690708793007,296.9933041956159,1.0,0.0,0.0,0.0,393573.383,21.18,64741.282374057366,1104.0
177,128250.0,350.649,445.5917505405248,22368.1103401004,362.13690708793007,296.9933041956159,1.0,0.0,0.0,0.0,393565.251,21.18,64741.282374057366,1104.0
178,128250.0,350.649,445.5917505405248,22368.1103401004,362.13690708793007,296.9933041956159,1.0,0.0,0.0,0.0,393583.634,21.18,64741.282374057366,1104.0
179,128250.0,350.649,445.5917505405248,22368.1103401004,362.13690708793007,296.9933041956159,1.0,0.0,0.0,0.0,393299.906,21.18,64741.282374057366,1104.0
180,128250.0,350.649,445.5917505405248,22368.1103401004,362.13690708793007,296.9933041956159,1.0,0.0,0.0,0.0,389972.253,35.400000000000006,64741.282374057366,1104.0
181,128250.0,350.649,445.5917505405248,22368.1103401004,362.13690708793007,296.9933041956159,1.0,0.0,0.0,0.0,389970.344,35.400000000000006,64741.282374057366,1104.0
182,128250.0,350.649,445.5917505405248,22368.1103401004,362.13690708793007,296.9933041956159,1.0,0.0,0.0,0.0,389978.351,35.400000000000006,64741.282374057366,1104.0
183,128250.0,350.649,445.5917505405248,22368.1103401004,362.13690708793007,296.9933041956159,1.0,0.0,0.0,0.0,389981.615,35.400000000000006,64741.282374057366,1104.0
184,128250.0,350.649,445.5917505405248,22368.1103401004,362.13690708793007,296.9933041956159,1.0,0.0,0.0,0.0,386698.573,35.400000000000006,64741.282374057366,1104.0
185,128250.0,350.649,445.5917505405248,22368.1103401004,362.13690708793007,296.9933041956159,1.0,0.0,0.0,0.0,384203.089,35.400000000000006,64741.282374057366,1104.0
186,128250.0,350.649,445.5917505405248,22368.1103401004,362.13690708793007,296.9933041956159,1.0,0.0,0.0,0.0,391791.309,63.929997,64741.282374057366,1104.0
187,128250.0,350.649,445.5917505405248,22368.1103401004,362.13690708793007,296.9933041956159,1.0,0.0,0.0,0.0,391200.56,63.929997,64741.282374057366,1104.0
188,128250.0,350.649,445.5917505405248,22368.1103401004,362.13690708793007,296.9933041956159,1.0,0.0,0.0,0.0,393582.609,63.929997,64741.282374057366,1104.0
189,128250.0,350.649,445.5917505405248,22368.1103401004,362.13690708793007,296.9933041956159,1.0,0.0,0.0,0.0,392535.716,63.929997,64741.282374057366,1104.0
190,128250.0,350.649,445.5917505405248,22368.1103401004,362.13690708793007,296.9933041956159,1.0,0.0,0.0,0.0,393530.095,63.929997,64741.282374057366,1104.0
191,128250.0,350.649,445.5917505405248,22368.1103401004,362.13690708793007,296.9933041956159,1.0,0.0,0.0,0.0,392165.1,63.929997,64741.282374057366,1104.0
192,128250.0,350.649,445.5917505405248,22368.1103401004,362.13690708793007,296.9933041956159,1.0,0.0,0.0,0.0,393575.79,91.320003,64741.282374057366,1104.0
193,128250.0,350.649,445.5917505405248,22368.1103401004,362.13690708793007,296.9933041956159,1.0,0.0,0.0,0.0,392514.835,91.320003,64741.282374057366,1104.0
194,128250.0,350.649,445.5917505405248,22368.1103401004,362.13690708793007,296.9933041956159,1.0,0.0,0.0,0.0,393242.87,91.320003,64741.282374057366,1104.0
195,128250.0,350.649,445.5917505405248,22368.1103401004,362.13690708793007,296.9933041956159,1.0,0.0,0.0,0.0,389980.067,91.320003,64741.282374057366,1104.0
196,128250.0,350.649,445.5917505405248,22368.1103401004,362.13690708793007,296.9933041956159,1.0,0.0,0.0,0.0,389984.573,91.320003,64741.282374057366,1104.0
197,128250.0,350.649,445.5917505405248,22368.1103401004,362.13690708793007,296.9933041956159,1.0,0.0,0.0,0.0,389969.342,91.320003,64741.282374057366,1104.0
198,128250.0,350.649,445.5917505405248,22368.1103401004,362.13690708793007,296.9933041956159,1.0,0.0,0.0,0.0,389975.79,91.88999700000001,64741.282374057366,1104.0
199,128250.0,350.649,445.5917505405248,22368.1103401004,362.13690708793007,296.9933041956159,1.0,0.0,0.0,0.0,389978.088,91.88999700000001,64741.282374057366,1104.0
200,128250.0,350.649,445.5917505405248,22368.1103401004,362.13690708793007,296.9933041956159,1.0,0.0,0.0,0.0,389986.342,91.88999700000001,64741.282374057366,1104.0
