Power,Power ratio,J_solved,V_cells,V_stack,I_stack,current_T,current_SOH,L_pem_m,h2_in_o2_percent,h2_gen_rate,V_tn,Degradation_cost
0.0,0.0,0.0,0.0,0.0,0.0,298.15,1.0,8.481190120094124e-05,0.0,0.0,1.4812395,0.0
6750.0,0.05000000000000001,0.06497017475390623,1.664965152592162,79.91832732442379,8.44612271800781,298.15,1.0,8.481190120094124e-05,0.0,0.0,1.4812395,36.10005722993771
13500.0,0.1,0.1266086752967301,1.7087782755732015,82.02135722751368,16.45912778857491,298.15,1.0,8.481190120094124e-05,0.0,0.0,1.4812395,36.33461131904941
20250.0,0.1500000000000002,0.18636019258483685,1.7413548798598717,83.58503423327384,24.226825036028792,298.15,1.0,8.481190120094124e-05,0.0,0.0,1.4812395,36.5619848370151
27000.0,0.20000000000000004,0.24466210365761873,1.768530153316344,84.88944735918452,31.806073475490436,298.15,1.0,8.481190120094124e-05,0.0,0.0,1.4812395,36.78384214250952
33750.0,0.24999999999999997,0.3017411537139975,1.792481330299541,86.03910385437797,39.22634998281968,298.15,1.0,8.481190120094124e-05,0.0,0.0,1.4812395,37.00104607309561
40500.0,0.3,0.35774112196042673,1.8142685358108148,87.08488971891911,46.506345854855475,298.15,1.0,8.481190120094124e-05,0.0,0.0,1.4812395,37.21414375436056
47250.0,0.35000000000000436,0.4127645828993365,1.8344876712598521,88.0554082204729,53.65939577691374,298.15,1.0,8.481190120094124e-05,0.0,0.0,1.4812395,37.42352551489402
54000.0,0.4000000000000001,0.46689029784080127,1.8535073857535833,88.968354516172,60.69573871930417,298.15,1.0,8.481190120094124e-05,0.0,0.0,1.4812395,37.6294910665186
60750.0,0.45000000000000007,0.5201817663953866,1.8715721219026695,89.83546185132813,67.62362963140026,298.15,1.0,8.481190120094124e-05,0.0,0.0,1.4812395,37.83228204543866
67500.0,0.5000000000000008,0.5726919575078429,1.8888527332182012,90.66493119447367,74.44995447601957,298.15,1.0,8.481190120094124e-05,0.0,0.0,1.4812395,38.032100015327565
74250.0,0.5499999999999999,0.6244661647042136,1.9054736884222692,91.46273704426892,81.18060141154777,298.15,1.0,8.481190120094124e-05,0.0,0.0,1.4812395,38.22911733245045
81000.0,0.5999999999999999,0.6755438477415353,1.9215287466781432,92.23337984055087,87.8207002063996,298.15,1.0,8.481190120094124e-05,0.0,0.0,1.4812395,38.42348415372687
87750.0,0.6500000000000001,0.7259598843135309,1.9370905064950703,92.98034431176337,94.37478496075902,298.15,1.0,8.481190120094124e-05,0.0,0.0,1.4812395,38.6153331998689
94500.0,0.7000000000000001,0.7757454574458007,1.9522164936800623,93.706391696643,100.84690946795409,298.15,1.0,8.481190120094124e-05,0.0,0.0,1.4812395,38.80478313220186
101250.0,0.7499999999999999,0.8249287067852376,1.9669531930455433,94.41375326618608,107.24073188208088,298.15,1.0,8.481190120094124e-05,0.0,0.0,1.4812395,38.99194103102761
108000.0,0.8,0.8735352206045945,1.981338805745376,95.10426267577805,113.55957867859729,298.15,1.0,8.481190120094124e-05,0.0,0.0,1.4812395,39.17690426785834
114750.0,0.8499999999999998,0.9215884166445286,1.9954051879122265,95.77944901978688,119.80649416378873,298.15,1.0,8.481190120094124e-05,0.0,0.0,1.4812395,39.35976195464165
121500.0,0.8999999999999994,0.969109843096493,2.0091792467961875,96.440603846217,125.98427960254408,298.15,1.0,8.481190120094124e-05,0.0,0.0,1.4812395,39.54059608909604
128250.0,0.9499999999999976,1.0161194207603759,2.022683967599454,97.0888304447738,132.09552469884886,298.15,1.0,8.481190120094124e-05,0.0,0.0,1.4812395,39.719482476197825
135000.0,0.9999999999999925,1.062635640914555,2.0359391828788502,97.7250807781848,138.14263331889214,298.15,1.0,8.481190120094124e-05,0.0,0.0,1.4812395,39.896491481139506
0.0,0.0,0.0,0.0,0.0,0.0,303.15,1.0,8.481190120094124e-05,0.0,0.0,1.48236968,0.0
6750.0,0.05000000000000001,0.06554248276053502,1.6504269043071862,79.22049140674494,8.520522758869554,303.15,1.0,8.481190120094124e-05,0.0,0.0,1.48236968,44.09536945828874
13500.0,0.1,0.12778857178295147,1.6930007967662177,81.26403824477845,16.612514331783693,303.15,1.0,8.481190120094124e-05,0.0,0.0,1.48236968,44.38467843506179
20250.0,0.15000000000000005,0.18815505517239556,1.7247436188833343,82.78769370640005,24.46015717241142,303.15,1.0,8.481190120094124e-05,0.0,0.0,1.48236968,44.665251332332474
27000.0,0.20000000000000004,0.2470806821570902,1.751218686603789,84.05849695698188,32.12048868042172,303.15,1.0,8.481190120094124e-05,0.0,0.0,1.48236968,44.939127380071206
33750.0,0.25000000000000006,0.3047954403805899,1.7745192773882066,85.17692531463392,39.62340724947669,303.15,1.0,8.481190120094124e-05,0.0,0.0,1.48236968,45.207375520774995
40500.0,0.3,0.3614445537498393,1.795679184552522,86.19260085852105,46.987791987479106,303.15,1.0,8.481190120094124e-05,0.0,0.0,1.48236968,45.47067072986126
47250.0,0.35000000000000214,0.41713089832675965,1.8152851814597086,87.13368871006601,54.227016782478756,303.15,1.0,8.481190120094124e-05,0.0,0.0,1.48236968,45.72949115734192
54000.0,0.39999999999999997,0.47193294949835773,1.8337024704557672,88.01771858187682,61.3512834347865,303.15,1.0,8.481190120094124e-05,0.0,0.0,1.48236968,45.984201543143186
60750.0,0.45,0.5259136325784949,1.851174093994197,88.85635651172146,68.36877223520433,303.15,1.0,8.481190120094124e-05,0.0,0.0,1.48236968,46.235094353160555
67500.0,0.500000000000001,0.5791252092963403,1.8678702841223516,89.65777363787288,75.28627720852424,303.15,1.0,8.481190120094124e-05,0.0,0.0,1.48236968,46.48241249080575
74250.0,0.5499999999999999,0.6316122152459236,1.8839151894656547,90.42792909435143,82.10958798197007,303.15,1.0,8.481190120094124e-05,0.0,0.0,1.48236968,46.72636294976048
81000.0,0.6,0.6834133458037646,1.8994023617584623,91.17131336440619,88.84373495448939,303.15,1.0,8.481190120094124e-05,0.0,0.0,1.48236968,46.967125579393
87750.0,0.6499999999999999,0.7345627317759178,1.91440422875821,91.89140298039408,95.49315513086931,303.15,1.0,8.481190120094124e-05,0.0,0.0,1.48236968,47.20485901374332
94500.0,0.7,0.785090839476878,1.9289781523016722,92.59095131048026,102.06180913199414,303.15,1.0,8.481190120094124e-05,0.0,0.0,1.48236968,47.4397048549331
101250.0,0.7499999999999999,0.8350251283013226,1.9431704494294362,93.27218157261294,108.55326667917194,303.15,1.0,8.481190120094124e-05,0.0,0.0,1.48236968,47.67179072944464
108000.0,0.7999999999999998,0.8843905453068164,1.9570191472012908,93.93691906566195,114.97077088988613,303.15,1.0,8.481190120094124e-05,0.0,0.0,1.48236968,47.90123258685502
114750.0,0.8499999999999998,0.9332099064757844,1.9705559220186282,94.58668425689416,121.31728784185196,303.15,1.0,8.481190120094124e-05,0.0,0.0,1.48236968,48.12813647187537
121500.0,0.8999999999999994,0.9815041968694456,1.9838074975387785,95.22275988186136,127.59554559302792,303.15,1.0,8.481190120094124e-05,0.0,0.0,1.48236968,48.35259991941405
128250.0,0.9499999999999977,1.0292928112532003,1.9967966734714397,95.8462403266291,133.80806546291603,303.15,1.0,8.481190120094124e-05,0.0,0.0,1.48236968,48.574713072961536
135000.0,0.9999999999999941,1.076593750063032,2.0095430967668726,96.45806864480988,139.95718750819415,303.15,1.0,8.481190120094124e-05,0.0,0.0,1.48236968,48.794559595408096
0.0,0.0,0.0,0.0,0.0,0.0,308.15,1.0,8.481190120094124e-05,0.0,0.0,1.48350062,0.0
6750.0,0.05000000000000001,0.06611261584158451,1.63619417483458,78.53732039205984,8.594640059405986,308.15,1.0,8.481190120094124e-05,0.0,0.0,1.48350062,53.861442448243
13500.0,0.10000000000000002,0.12896437658350368,1.6775652283021818,80.52313095850472,16.76536895585548,308.15,1.0,8.481190120094124e-05,0.0,0.0,1.48350062,54.218243548363155
20250.0,0.15000000000000005,0.18994507639047867,1.70848982735463,82.00751171302224,24.69285993076223,308.15,1.0,8.481190120094124e-05,0.0,0.0,1.48350062,54.56442288399971
27000.0,0.2,0.249491367885851,1.734297708810014,83.24629002288067,32.43387782516063,308.15,1.0,8.481190120094124e-05,0.0,0.0,1.48350062,54.90245927411556
33750.0,0.24999999999999994,0.3078359774461506,1.7569921134705495,84.33562144658637,40.018677067999576,308.15,1.0,8.481190120094124e-05,0.0,0.0,1.48350062,55.233673875448304
40500.0,0.29999999999999993,0.3651258424931726,1.7775747043996144,85.32358581118149,47.466359524112434,308.15,1.0,8.481190120094124e-05,0.0,0.0,1.48350062,55.558900832230734
47250.0,0.35000000000000103,0.42146450456065704,1.7966199532054852,86.23775775386329,54.790385592885414,308.15,1.0,8.481190120094124e-05,0.0,0.0,1.48350062,55.87872793600142
54000.0,0.4,0.476930479558905,1.8144879651746664,87.09542232838399,62.00096234265765,308.15,1.0,8.481190120094124e-05,0.0,0.0,1.48350062,56.19360091115758
60750.0,0.45,0.5315863922060677,1.831419514460212,87.90813669409017,69.1062309867888,308.15,1.0,8.481190120094124e-05,0.0,0.0,1.48350062,56.503875269908704
67500.0,0.5000000000000014,0.5854840247706867,1.8475837485992002,88.6840199327616,76.11292322018927,308.15,1.0,8.481190120094124e-05,0.0,0.0,1.48350062,56.809844973317546
74250.0,0.5499999999999999,0.6386673457449897,1.8631042499375832,89.42900399700399,83.02675494684867,308.15,1.0,8.481190120094124e-05,0.0,0.0,1.48350062,57.1117596246762
81000.0,0.6,0.6911744475730822,1.8780742367355372,90.14756336330578,89.85267818450069,308.15,1.0,8.481190120094124e-05,0.0,0.0,1.48350062,57.40983546973187
87750.0,0.65,0.7430388520313437,1.892565908438769,90.84316360506091,96.59505076407468,308.15,1.0,8.481190120094124e-05,0.0,0.0,1.48350062,57.704262807157946
94500.0,0.6999999999999997,0.7942904273834148,1.9066364452004705,91.51854936962258,103.25775555984393,308.15,1.0,8.481190120094124e-05,0.0,0.0,1.48350062,57.99521119512113
101250.0,0.75,0.8449560555957574,1.9203320020022838,92.17593609610962,109.84428722744846,308.15,1.0,8.481190120094124e-05,0.0,0.0,1.48350062,58.28283323897559
108000.0,0.8,0.89506013211154,1.9336904512618232,92.81714166056751,116.3578171745002,308.15,1.0,8.481190120094124e-05,0.0,0.0,1.48350062,58.5672674284129
114750.0,0.8499999999999999,0.944624949597946,1.9467433169905195,93.44367921554493,122.80124344773297,308.15,1.0,8.481190120094124e-05,0.0,0.0,1.48350062,58.84864031594458
121500.0,0.8999999999999996,0.9936709989294646,1.959517170887664,94.05682420260787,129.1772298608304,308.15,1.0,8.481190120094124e-05,0.0,0.0,1.48350062,59.12706822554428
128250.0,0.9499999999999978,1.0422172096312659,1.9720346608607755,94.65766372131722,135.48823725206455,308.15,1.0,8.481190120094124e-05,0.0,0.0,1.48350062,59.40265861761288
135000.0,0.9999999999999949,1.090281145054861,1.98431528259866,95.24713356473569,141.73654885713194,308.15,1.0,8.481190120094124e-05,0.0,0.0,1.48350062,59.6755111969648
0.0,0.0,0.0,0.0,0.0,0.0,313.15,1.0,8.481190120094124e-05,0.0,0.0,1.48463232,0.0
6750.0,0.05,0.06668163235090636,1.6222319866710129,77.86713536020862,8.668612205617828,313.15,1.0,8.481190120094124e-05,0.0,0.0,1.48463232,65.79045977802734
13500.0,0.09999999999999998,0.13013667163165532,1.6624534125055053,79.79776380026425,16.917767312115192,313.15,1.0,8.481190120094124e-05,0.0,0.0,1.48463232,66.23044060313502
20250.0,0.15000000000000002,0.1917312442040442,1.6925735401991708,81.2435299295602,24.925061746525746,313.15,1.0,8.481190120094124e-05,0.6061687798574281,0.12461086762296386,1.48463232,66.65752143343207
27000.0,0.2,0.25189649889897825,1.7177384742684993,82.45144676488798,32.746544856867175,313.15,1.0,8.481190120094124e-05,0.46172015184054127,0.16383298907300894,1.48463232,67.07469174336393
33750.0,0.25000000000000006,0.3108669068741129,1.7398615698724433,83.51335535387727,40.41269789363468,313.15,1.0,8.481190120094124e-05,0.37429730748452633,0.20227618216322593,1.48463232,67.48357729527483
40500.0,0.3,0.3687911447104734,1.7599079339282986,84.47558082855834,47.94284881236155,313.15,1.0,8.481190120094124e-05,0.3156010127865395,0.2400373701252595,1.48463232,67.88520897411152
47250.0,0.3500000000000005,0.42577367856222414,1.7784367061358348,85.36496189452006,55.350578213089136,313.15,1.0,8.481190120094124e-05,0.2734209517938356,0.2771846551254983,1.48463232,68.2803111211592
54000.0,0.40000000000000013,0.481893342123135,1.7958011446514024,86.19845494326731,62.64613447600755,313.15,1.0,8.481190120094124e-05,0.24161774303428873,0.3137694293624309,1.48463232,68.66943034885439
60750.0,0.45000000000000007,0.5372127064652743,1.8122387661182837,86.98746077367761,69.83765184048566,313.15,1.0,8.481190120094124e-05,0.21676417330974224,0.3498324833255246,1.48463232,69.0530005088223
67500.0,0.500000000000002,0.5917832852805198,1.8279170705505927,87.74001938642846,76.93182708646758,313.15,1.0,8.481190120094124e-05,0.1967951959852309,0.3854073991260727,1.48463232,69.4313787836746
74250.0,0.5500000000000002,0.6456486588518225,1.8429587513894787,88.46202006669498,83.93432565073694,313.15,1.0,8.481190120094124e-05,0.18039171486628994,0.42052258703441175,1.48463232,69.80486734781807
81000.0,0.6,0.6988464690427598,1.857456509517684,89.15791245684883,90.85004097555878,313.15,1.0,8.481190120094124e-05,0.16667132366174436,0.4552025860266053,1.48463232,70.17372720019597
87750.0,0.6500000000000001,0.7514097592335758,1.8714822142240335,89.83114628275361,97.68326870036485,313.15,1.0,8.481190120094124e-05,0.15502121864195456,0.48946893729747815,1.48463232,70.53818745505778
94500.0,0.7,0.8033679124414564,1.8850928117364119,90.48445496334777,104.43782861738934,313.15,1.0,8.481190120094124e-05,0.14500242599470714,0.523340795827334,1.48463232,70.89845184664267
101250.0,0.7500000000000001,0.8547473312452623,1.898334273219935,91.12004511455689,111.1171530618841,313.15,1.0,8.481190120094124e-05,0.13629217546639172,0.556835373629317,1.48463232,71.25470344360149
108000.0,0.8,0.9055719451669638,1.9112443136145547,91.73972705349863,117.72435287170529,313.15,1.0,8.481190120094124e-05,0.1286477894833818,0.5899682705146763,1.48463232,71.60710816704845
114750.0,0.8499999999999999,0.9558635988256228,1.9238543134727988,92.34500704669435,124.26226784733096,313.15,1.0,8.481190120094124e-05,0.12188326030586451,0.6227537271328731,1.48463232,71.95581748192048
121500.0,0.8999999999999996,1.0056423552954223,1.9361907087171062,92.9371540184211,130.7335061884049,313.15,1.0,8.481190120094124e-05,0.11585359919676642,0.6552048227326576,1.48463232,72.30097050038309
128250.0,0.9499999999999981,1.0549267376249034,1.9482760159874244,93.51724876739637,137.14047589123743,313.15,1.0,8.481190120094124e-05,0.11044410503983514,0.6873336326100322,1.48463232,72.64269565646264
135000.0,0.999999999999996,1.103733924257404,1.96012960271844,94.08622093048513,143.4854101534625,313.15,1.0,8.481190120094124e-05,0.1055628372231246,0.7191513555041089,1.48463232,72.9811120610407
0.0,0.0,0.0,0.0,0.0,0.0,318.15,1.0,8.481190120094124e-05,0.0,0.0,1.48576478,0.0
6750.0,0.05,0.06725079284940932,1.6085026263601445,77.20812606528693,8.742603070423213,318.15,1.0,8.481190120094124e-05,0.0,0.0,1.48576478,80.3614691915725
13500.0,0.1,0.13130651294023363,1.6476422151628338,79.08682632781603,17.06984668223037,318.15,1.0,8.481190120094124e-05,1.0271204515592074,0.08515769646880297,1.48576478,80.90395008503494
20250.0,0.15000000000000002,0.1935147629675478,1.6769740240627138,80.49475315501026,25.156919185781213,318.15,1.0,8.481190120094124e-05,0.6980895215389676,0.12571165988402855,1.48576478,81.43078495642038
27000.0,0.20000000000000004,0.25429834727514394,1.701514431095167,81.67269269256802,33.05878514576871,318.15,1.0,8.481190120094124e-05,0.5316724642074727,0.16533687443634598,1.48576478,81.94555448951252
33750.0,0.25,0.31389210949206536,1.7230932803331798,82.70847745599264,40.8059742339685,318.15,1.0,8.481190120094124e-05,0.43094966925438716,0.2041864362172921,1.48576478,82.45024754934204
40500.0,0.30000000000000004,0.37244622054373727,1.7426367237420886,83.64656273962025,48.41800867068584,318.15,1.0,8.481190120094124e-05,0.36332102002608063,0.24235824263135977,1.48576478,82.94613591706583
47250.0,0.35000000000000026,0.4300661970231206,1.7606860146249321,84.51292870199674,55.908605613005676,318.15,1.0,8.481190120094124e-05,0.3147201158973803,0.27992108063283183,1.48576478,83.4341132011788
54000.0,0.40000000000000013,0.48683140274584114,1.777585855192675,85.3241210492484,63.28808235695935,318.15,1.0,8.481190120094124e-05,0.2780743432106686,0.31692668801008783,1.48576478,83.9148515251626
60750.0,0.45000000000000007,0.5428045679211816,1.7935694536178974,86.09133377365907,70.5645938297536,318.15,1.0,8.481190120094124e-05,0.24943551053243626,0.3534159589951816,1.48576478,84.38888214430459
67500.0,0.5000000000000027,0.5980371285401525,1.8088020251708288,86.82249720819978,77.74482671021983,318.15,1.0,8.481190120094124e-05,0.22642462361230123,0.3894224250457053,1.48576478,84.85664066439169
74250.0,0.5499999999999999,0.6525724425373008,1.8234049870805442,87.52343937986612,84.8344175298491,318.15,1.0,8.481190120094124e-05,0.20752200899153564,0.42497435148162205,1.48576478,85.31849427903343
81000.0,0.6,0.7064478442819832,1.8374702868493538,88.19857376876898,91.83821975665781,318.15,1.0,8.481190120094124e-05,0.191711054609163,0.4600960768215104,1.48576478,85.77475916892404
87750.0,0.6500000000000002,0.7596960223789433,1.851069320590111,88.85132738832533,98.76048290926263,318.15,1.0,8.481190120094124e-05,0.17828573166535253,0.4948089109797351,1.48576478,86.22571217028485
94500.0,0.7,0.8123459818803743,1.864258715747658,89.48441835588758,105.60497764444867,318.15,1.0,8.481190120094124e-05,0.1667402682467967,0.5291317625387588,1.48576478,86.67159892373327
101250.0,0.7499999999999999,0.8644237395690655,1.8770842117953102,90.10004216617489,112.3750861439785,318.15,1.0,8.481190120094124e-05,0.156702765481534,0.5630815920087545,1.48576478,87.11263976255958
108000.0,0.8000000000000003,0.9159528411156661,1.8895833421522958,90.7000004233102,119.0738693450366,318.15,1.0,8.481190120094124e-05,0.14789359831509966,0.5966737489657938,1.48576478,87.5490340924755
114750.0,0.85,0.9669547553987289,1.9017873353691819,91.28579209772073,125.70411820183476,318.15,1.0,8.481190120094124e-05,0.14009843223286228,0.6299222291116531,1.48576478,87.98096373106733
121500.0,0.8999999999999999,1.017449181668068,1.9137224931697965,91.85867967215023,132.26839361684884,318.15,1.0,8.481190120094124e-05,0.13315019301323727,0.6628398745156061,1.48576478,88.40859550912907
128250.0,0.9499999999999986,1.0674542933107616,1.9254112090962519,92.41973803662009,138.769058130399,318.15,1.0,8.481190120094124e-05,0.12691670355071977,0.6954385325270702,1.48576478,88.83208333508986
135000.0,0.9999999999999971,1.1169869344826902,1.9368727347410695,92.96989126757134,145.20830148274973,318.15,1.0,8.481190120094124e-05,0.12129201196415447,0.7277291839609862,1.48576478,89.25156986026518
0.0,0.0,0.0,0.0,0.0,0.0,323.15,1.0,8.481190120094124e-05,0.0,0.0,1.486898,0.0
6750.0,0.05000000000000001,0.06782154017988958,1.594966387318234,76.55838659127524,8.816800223385645,323.15,1.0,8.481190120094124e-05,0.0,0.0,1.486898,98.15962388881779
13500.0,0.10000000000000074,0.132475533257655,1.633102721129481,78.3889306142151,17.221819323495147,323.15,1.0,8.481190120094124e-05,1.1774827243216557,0.08585020507544373,1.486898,98.82840004013653
20250.0,0.15000000000000002,0.19529731369796324,1.6616676626239493,79.76004780594957,25.388650780735222,323.15,1.0,8.481190120094124e-05,0.8002343799765218,0.12680413296341636,1.486898,99.47822391862962
27000.0,0.2,0.25669942017752145,1.6855990846924302,80.90875606523664,33.37092462307779,323.15,1.0,8.481190120094124e-05,0.6094027907856333,0.16683256614866826,1.486898,100.11336279404092
33750.0,0.25,0.31691551225566295,1.7066548139778537,81.91943107093698,41.19901659323618,323.15,1.0,8.481190120094124e-05,0.49389808026681636,0.20608782881997917,1.486898,100.73623362367455
40500.0,0.3000000000000001,0.3760967499422604,1.7257220692231567,82.83465932271153,48.89257749249385,323.15,1.0,8.481190120094124e-05,0.4163418334546291,0.24466846317243637,1.486898,101.34839999555997
47250.0,0.3500000000000001,0.434349670428554,1.7433224657783921,83.67947835736283,56.465457155712016,323.15,1.0,8.481190120094124e-05,0.36060471562893326,0.28264392149498885,1.486898,101.95096392257122
54000.0,0.4000000000000001,0.49175429744409566,1.7597906513119908,84.46995126297556,63.92805866773244,323.15,1.0,8.481190120094124e-05,0.3185768045260665,0.32006637177820346,1.486898,102.54475316428388
60750.0,0.4499999999999999,0.548373688727504,1.7753544933325003,85.21701567996001,71.28857953457552,323.15,1.0,8.481190120094124e-05,0.2857308536900867,0.35697692177264156,1.486898,103.13041998531041
67500.0,0.5000000000000032,0.6042593681055046,1.7901762493517592,85.92845996888444,78.5537178537156,323.15,1.0,8.481190120094124e-05,0.25933894690785075,0.39340916019656996,1.486898,103.70849734432672
74250.0,0.5499999999999998,0.6594546214156586,1.804375627240986,86.61003010756733,85.72910078403561,323.15,1.0,8.481190120094124e-05,0.23765850241163777,0.4293913053694573,1.486898,104.27943298685427
81000.0,0.6000000000000001,0.7139966082348927,1.8180435426520654,87.26609004729914,92.81955907053606,323.15,1.0,8.481190120094124e-05,0.21952376757035466,0.46494758186155843,1.486898,104.84361128882503
87750.0,0.65,0.7679177786240995,1.8312507395252897,87.9000354972139,99.82931122113294,323.15,1.0,8.481190120094124e-05,0.20412511724384055,0.5000991440789476,1.486898,105.40136791128333
94500.0,0.7,0.8212468614115632,1.8440534120521068,88.51456377850113,106.76209198350323,323.15,1.0,8.481190120094124e-05,0.19088255129188725,0.534864720531922,1.486898,105.95300002311684
101250.0,0.7500000000000002,0.8740095768646131,1.8564969959104918,89.1118558037036,113.62124499239971,323.15,1.0,8.481190120094124e-05,0.1793695777295944,0.5692610784302946,1.486898,106.49877367288002
108000.0,0.7999999999999999,0.9262291654374617,1.8686187990547474,89.69370235462787,120.40979150687002,323.15,1.0,8.481190120094124e-05,0.169265514195188,0.6033033683775539,1.486898,107.03892925812272
114750.0,0.8499999999999998,0.9779267898018116,1.8804498730063326,90.26159390430396,127.13048267423551,323.15,1.0,8.481190120094124e-05,0.16032454810047328,0.6370053864572359,1.486898,107.5736856839652
121500.0,0.8999999999999998,1.0291218471065628,1.892016373075564,90.81678590762706,133.78584012385318,323.15,1.0,8.481190120094124e-05,0.15235506233704313,0.6703797777970609,1.486898,108.10324359308972
128250.0,0.9499999999999991,1.0798322160647804,1.9033405662117793,91.3603471781654,140.37818808842147,323.15,1.0,8.481190120094124e-05,0.14520545887502617,0.7034381976465373,1.486898,108.62778792158987
135000.0,0.9999999999999974,1.1300744556915852,1.9144415906096501,91.8931963492632,146.90967923990607,323.15,1.0,8.481190120094124e-05,0.13875421484169698,0.7361914409354868,1.486898,109.14748995470069
0.0,0.0,0.0,0.0,0.0,0.0,328.15,1.0,8.481190120094124e-05,0.0,0.0,1.48803198,0.0
6750.0,0.05,0.06839551331376435,1.5815814763584424,75.91591086520523,8.891416730789366,328.15,1.0,8.481190120094124e-05,0.0,0.0,1.48803198,119.89968699193179
13500.0,0.10000000000000052,0.13364603139116205,1.6187996874590458,77.7023849980342,17.373984080851066,328.15,1.0,8.481190120094124e-05,1.3438354751378894,0.08653535193463559,1.48803198,120.72406858444383
20250.0,0.15000000000000002,0.19708133295053978,1.6466259178928595,79.03804405885725,25.62057328357017,328.15,1.0,8.481190120094124e-05,0.9132652963453735,0.1278892382365852,1.48803198,121.52551654933161
27000.0,0.2,0.25910283172537446,1.669963638803154,80.1582546625514,33.68336812429868,328.15,1.0,8.481190120094124e-05,0.6954169124739311,0.16832145729382816,1.48803198,122.30910238798096
33750.0,0.25,0.3199414947049277,1.6905134018774535,81.14464329011777,41.592394311640604,328.15,1.0,8.481190120094124e-05,0.563552114097814,0.20798257799117506,1.48803198,123.07774416050904
40500.0,0.30000000000000004,0.3797487612826299,1.709125947761582,82.03804549255594,49.36733896674189,328.15,1.0,8.481190120094124e-05,0.47500814672068725,0.24697132465567423,1.48803198,123.83335516740767
47250.0,0.35,0.4386319972110701,1.7263025572144197,82.86252274629214,57.02215963743911,328.15,1.0,8.481190120094124e-05,0.41137282958913846,0.28535768972081543,1.48803198,124.5772918783679
54000.0,0.4000000000000001,0.4966719182562243,1.742366708435847,83.63360200492065,64.56734937330916,328.15,1.0,8.481190120094124e-05,0.36338810503174146,0.323194292320218,1.48803198,125.31057406447597
60750.0,0.45000000000000007,0.553932022219727,1.7575400107876655,84.36192051780795,72.01116288856451,328.15,1.0,8.481190120094124e-05,0.3258857847679245,0.36052252708439014,1.48803198,126.03400396332901
67500.0,0.5000000000000043,0.6104640538541072,1.7719811058511525,85.05509308085533,79.36032700103394,328.15,1.0,8.481190120094124e-05,0.2957517543919329,0.39737612675456907,1.48803198,126.74823532332235
74250.0,0.5499999999999999,0.6663113574873744,1.7858075399478586,85.7187619174972,86.62047647335866,328.15,1.0,8.481190120094124e-05,0.2709967240870156,0.43378334778052735,1.48803198,127.45381576104529
81000.0,0.6000000000000001,0.7215110380362599,1.7991088904334789,86.357226740807,93.7964349447138,328.15,1.0,8.481190120094124e-05,0.25028988598737034,0.4697683790991828,1.48803198,128.15121406373876
87750.0,0.6499999999999999,0.776095414759786,1.8119550421970432,86.97384202545807,100.89240391877219,328.15,1.0,8.481190120094124e-05,0.23270696892545706,0.5053522898460182,1.48803198,128.84083855616416
94500.0,0.6999999999999998,0.8300930359710886,1.8244016168036163,87.57127760657359,107.91209467624152,328.15,1.0,8.481190120094124e-05,0.2175858298361457,0.5405536908523297,1.48803198,129.5230499205741
101250.0,0.75,0.8835294102301756,1.8364936526826399,88.15169532876672,114.85882332992283,328.15,1.0,8.481190120094124e-05,0.2044395637240231,0.5753892113145483,1.48803198,130.19817043467515
108000.0,0.8000000000000002,0.9364275479832902,1.8482681703423307,88.71687217643188,121.73558123782773,328.15,1.0,8.481190120094124e-05,0.1929020544337433,0.6098738518924693,1.48803198,130.86649081475414
114750.0,0.85,0.9888083725425088,1.8597560040514844,89.26828819447125,128.54508843052614,328.15,1.0,8.481190120094124e-05,0.18269265594867196,0.6440212526295289,1.48803198,131.52827540803509
121500.0,0.8999999999999996,1.040691038542271,1.8709831376493546,89.80719060716902,135.28983501049524,328.15,1.0,8.481190120094124e-05,0.17359259201007277,0.6778439005566911,1.48803198,132.18376621609156
128250.0,0.9499999999999992,1.0920931832970977,1.8819716970793787,90.33464145981017,141.9721138286227,328.15,1.0,8.481190120094124e-05,0.16542877316345633,0.7113532935541808,1.48803198,132.83318607052485
135000.0,0.999999999999998,1.143031128455817,1.8927407002329604,90.8515536111821,148.5940466992562,328.15,1.0,8.481190120094124e-05,0.15806244523147644,0.7445600718111879,1.48803198,133.47674118068392
0.0,0.0,0.0,0.0,0.0,0.0,333.15,1.0,8.481190120094124e-05,0.0,0.0,1.48916672,0.0
6750.0,0.05000000000000001,0.06897460762453626,1.568302896508202,75.2785390323937,8.966698991189714,333.15,1.0,8.481190120094124e-05,0.0,0.0,1.48916672,146.4547445870017
13500.0,0.10000000000000041,0.1348210883011371,1.6046907540378461,77.02515619381661,17.526741479147823,333.15,1.0,8.481190120094124e-05,1.5271112408802439,0.08721448734642902,1.48916672,147.47084303042854
20250.0,0.14999999999999997,0.19887033165282736,1.631813192405952,78.3270332354857,25.853143114867557,333.15,1.0,8.481190120094124e-05,1.0378338086885694,0.12896860630198312,1.48916672,148.45920772059253
27000.0,0.20000000000000004,0.2615127740425076,1.6545742718555527,79.41956504906653,33.99666062552599,333.15,1.0,8.481190120094124e-05,0.790214640254306,0.16980562254654938,1.48916672,149.42586360790148
33750.0,0.25000000000000006,0.3229754423548847,1.6746331568487582,80.3823915287404,41.98680750613501,333.15,1.0,8.481190120094124e-05,0.6403171647245981,0.20987353638511358,1.48916672,150.37431401799697
40500.0,0.29999999999999993,0.3834092376646431,1.692808617475608,81.25481363882919,49.8432008964036,333.15,1.0,8.481190120094124e-05,0.5396613201235896,0.24927072121122704,1.48916672,151.30688755440534
47250.0,0.3499999999999999,0.44292201683416715,1.7095820701661875,82.059939367977,57.57986218844173,333.15,1.0,8.481190120094124e-05,0.46731968927970363,0.288067489616054,1.48916672,152.22524859142354
54000.0,0.4000000000000001,0.5015951150013478,1.7252652378448505,82.81273141655282,65.20736495017522,333.15,1.0,8.481190120094124e-05,0.4127687088852164,0.32631686450579983,1.48916672,153.13065223799816
60750.0,0.45,0.559492516693306,1.7400727681964014,83.52349287342727,72.73402717012978,333.15,1.0,8.481190120094124e-05,0.37013362918559184,0.36406055781048774,1.48916672,154.0240858601623
67500.0,0.5000000000000054,0.6166662804690838,1.7541591027288428,84.19963693098445,80.16661646098089,333.15,1.0,8.481190120094124e-05,0.33587459059006136,0.401332506843865,1.48916672,154.90635279045958
74250.0,0.5499999999999999,0.6731599149322953,1.767639189082617,84.84668107596562,87.5107889411984,333.15,1.0,8.481190120094124e-05,0.30773034083000217,0.4381610751480412,1.48916672,155.7781244242926
81000.0,0.6000000000000001,0.7290105747378989,1.780600951561808,85.46884567496679,94.77137471592685,333.15,1.0,8.481190120094124e-05,0.28418812958237044,0.4745704840846076,1.48916672,156.63997410721728
87750.0,0.6500000000000001,0.7842505457397632,1.7931131927661217,86.06943325277385,101.95257094616922,333.15,1.0,8.481190120094124e-05,0.2641973159879495,0.5105817810120106,1.48916672,157.49240005273765
94500.0,0.7,0.8389082843784677,1.8052308042768779,86.65107860529014,109.0580769692008,333.15,1.0,8.481190120094124e-05,0.24700521786500534,0.5462135168692278,1.48916672,158.33584138143655
101250.0,0.7499999999999999,0.8930091673088492,1.8169983167540937,87.2159192041965,116.09119175015039,333.15,1.0,8.481190120094124e-05,0.23205834424626287,0.58148223486285,1.48916672,159.17068968872223
108000.0,0.8,0.9465760465146212,1.828452385988511,87.76571452744852,123.05488604690076,333.15,1.0,8.481190120094124e-05,0.2189405039139343,0.6164028323499174,1.48916672,159.99729761098226
114750.0,0.8499999999999999,0.9996296700431417,1.8396235754116248,88.301931619758,129.95185710560844,333.15,1.0,8.481190120094124e-05,0.20733265956444058,0.6509888351176546,1.48916672,160.81598531807848
121500.0,0.8999999999999999,1.0521890074913345,1.8505376607742408,88.82580771716356,136.78457097387349,333.15,1.0,8.481190120094124e-05,0.19698610196916813,0.6852526095698633,1.48916672,161.6270455360262
128250.0,0.9499999999999993,1.1042715064126443,1.861216602622761,89.33839692589252,143.55529583364375,333.15,1.0,8.481190120094124e-05,0.18770405529103792,0.7192055298802873,1.48916672,162.43074750369306
135000.0,0.999999999999998,1.1558932975843113,1.8716792830124793,89.840605584599,150.26612868596047,333.15,1.0,8.481190120094124e-05,0.17932877408941691,0.7528581118076845,1.48916672,163.22734014034523
0.0,0.0,0.0,0.0,0.0,0.0,338.15,1.0,8.481190120094124e-05,0.0,0.0,1.49030222,0.0
6750.0,0.05000000000000003,0.06956110374973239,1.5550799382405303,74.64383703554546,9.04294348746521,338.15,1.0,8.481190120094124e-05,0.0,0.0,1.49030222,178.89128318277616
13500.0,0.10000000000000027,0.13600477543321826,1.5907246871076657,76.35478498116795,17.680620806318373,338.15,1.0,8.481190120094124e-05,1.7282039410790107,0.08788958761951916,1.49030222,180.14360439837301
20250.0,0.15,0.2006693190104526,1.6171840935600474,77.62483649088227,26.08701147135884,338.15,1.0,8.481190120094124e-05,1.174570692285072,0.13004482480015014,1.49030222,181.36239285131137
27000.0,0.2,0.2639351587927839,1.6393886652744718,78.69065593317464,34.311570643061906,338.15,1.0,8.481190120094124e-05,0.8942824198297357,0.171288237865775,1.49030222,182.55481872686184
33750.0,0.25,0.32602454156643124,1.6589713830030093,79.63062638414445,42.383190403636064,338.15,1.0,8.481190120094124e-05,0.7245888206033017,0.21176471094403795,1.49030222,183.7250709019848
40500.0,0.3,0.38708702177443366,1.6767249352954907,80.48279689418355,50.321312830676376,338.15,1.0,8.481190120094124e-05,0.6106348522218235,0.25157173955054857,1.49030222,184.87596815832129
47250.0,0.3499999999999999,0.447230506486173,1.693112449798746,81.2693975903398,58.13996584320249,338.15,1.0,8.481190120094124e-05,0.5287338710961993,0.2907796690067401,1.49030222,186.00954431352275
54000.0,0.39999999999999847,0.5065367786508961,1.7084339219937137,82.00482825569826,65.84978122461649,338.15,1.0,8.481190120094124e-05,0.46697326213511814,0.3294418141499577,1.49030222,187.12734080140564
60750.0,0.44999999999999996,0.5650702852034254,1.7228966339244174,82.69903842837203,73.4591370764453,338.15,1.0,8.481190120094124e-05,0.4187025248246292,0.36760018835681724,1.49030222,188.23057230896293
67500.0,0.5000000000000069,0.6228834446208441,1.7366503774863455,83.35921811934459,80.97484780070974,338.15,1.0,8.481190120094124e-05,0.37991431490277705,0.40528896357398175,1.49030222,189.3202268124649
74250.0,0.55,0.680020005441054,1.7498071183686528,83.99074168169534,88.40260070733702,338.15,1.0,8.481190120094124e-05,0.3480487495957484,0.44253665975828543,1.49030222,190.39712887835685
81000.0,0.5999999999999999,0.7365172569766898,1.7624528288792098,84.59773578620207,95.74724340696967,338.15,1.0,8.481190120094124e-05,0.32139329990687054,0.47936758605553637,1.49030222,191.46198133049145
87750.0,0.65,0.7924075362734994,1.7746550046876801,85.18344022500864,103.01297971555492,338.15,1.0,8.481190120094124e-05,0.2987585724083662,0.5158028231965001,1.49030222,192.5153936530743
94500.0,0.6999999999999998,0.8477192879448718,1.7864676414223117,85.75044678827096,110.20350743283333,338.15,1.0,8.481190120094124e-05,0.27929247808214147,0.5518609144099321,1.49030222,193.5579019662791
101250.0,0.7499999999999999,0.9024778306280529,1.79793464036336,86.30086273744128,117.32211798164687,338.15,1.0,8.481190120094124e-05,0.2623684211014726,0.5875583650803776,1.49030222,194.58998347231002
108000.0,0.8000000000000002,0.9567059252239688,1.8090922039225907,86.83642578828436,124.37177027911595,338.15,1.0,8.481190120094124e-05,0.24751523448231344,0.6229100131874146,1.49030222,195.61206716550754
114750.0,0.8499999999999994,1.010424205613509,1.819970560360575,87.35858689730759,131.35514672975617,338.15,1.0,8.481190120094124e-05,0.23437173341486492,0.6579293100924026,1.49030222,196.6245419504301
121500.0,0.8999999999999999,1.0636515116395933,1.8305952309642777,87.86857108628533,138.27469651314712,338.15,1.0,8.481190120094124e-05,0.22265634761506592,0.6926285376116632,1.49030222,197.62776291785448
128250.0,0.9499999999999992,1.1164051511065871,1.8409879777975282,88.36742293428135,145.13266964385633,338.15,1.0,8.481190120094124e-05,0.21214629810946709,0.7270189788156053,1.49030222,198.62205628290465
135000.0,0.9999999999999984,1.1687011092027029,1.851167523865418,88.85604114554006,151.93114419635137,338.15,1.0,8.481190120094124e-05,0.20266299077481395,0.7611110545525509,1.49030222,199.60772333221692
0.0,0.0,0.0,0.0,0.0,0.0,343.15,1.0,8.481190120094124e-05,0.0,0.0,1.49143848,0.0
6750.0,0.05,0.0701579135814327,1.5418513949608808,74.00886695812227,9.12052876558625,343.15,1.0,8.481190120094124e-05,0.0,0.0,1.49143848,218.5120457489785
13500.0,0.10000000000000021,0.13720256888469876,1.576837486388215,75.68819934663432,17.83633395501084,343.15,1.0,8.481190120094124e-05,1.947946959030612,0.08856352661348157,1.49143848,220.05546947860788
20250.0,0.15,0.20248548115283957,1.6026790114609648,76.92859255012631,26.323112549869144,343.15,1.0,8.481190120094124e-05,1.3240713383953175,0.13112188237174704,1.49143848,221.5583364182348
27000.0,0.2,0.26637860163848076,1.6243508488701426,77.96884074576684,34.629218213002495,343.15,1.0,8.481190120094124e-05,1.0080826107564733,0.17277422381394467,1.49143848,223.0292091950661
33750.0,0.24999999999999997,0.329099024838463,1.643473069787631,78.88670734980629,42.78287322900019,343.15,1.0,8.481190120094124e-05,0.8167445630275612,0.21366207625671116,1.49143848,224.47308550498775
40500.0,0.30000000000000476,0.39079427188994165,1.660818768912915,79.71930090781993,50.80325534569241,343.15,1.0,8.481190120094124e-05,0.6882476536190568,0.25388160969030565,1.49143848,225.8933614072782
47250.0,0.35,0.45157181730788487,1.6768352440056422,80.48809171227083,58.70433625002504,343.15,1.0,8.481190120094124e-05,0.5958916413917144,0.29350288745112124,1.49143848,227.29251105466423
54000.0,0.39999999999999997,0.5115136428278669,1.691811406242066,81.20694749961916,66.4967735676227,343.15,1.0,8.481190120094124e-05,0.5262457015707441,0.3325793539666051,1.49143848,228.6724217348872
60750.0,0.45000000000000007,0.5706845656318821,1.7059471219967814,81.8854618558455,74.18899353214466,343.15,1.0,8.481190120094124e-05,0.4718111008522382,0.3711532639799161,1.49143848,230.03458559338847
67500.0,0.5000000000000087,0.629137360475652,1.7193872708703197,82.53058900177535,81.78785686183477,343.15,1.0,8.481190120094124e-05,0.4280692230099908,0.40925902169808226,1.49143848,231.38021754894035
74250.0,0.5499999999999999,0.6869160572770984,1.7322405460582286,83.14754621079497,89.29908744602278,343.15,1.0,8.481190120094124e-05,0.39213355396242705,0.4469253305114058,1.49143848,232.71033120687528
81000.0,0.6000000000000001,0.7440581419168371,1.7445907113291268,83.74035414379809,96.72755844918882,343.15,1.0,8.481190120094124e-05,0.3620730492500045,0.4841766277096424,1.49143848,234.02578952334403
87750.0,0.65,0.8005960718076496,1.7565037470454443,84.31217985818132,104.07748933499444,343.15,1.0,8.481190120094124e-05,0.33654655167444375,0.5210340724916106,1.49143848,235.32733969498543
94500.0,0.6999999999999998,0.8565583493861638,1.7680325899669986,84.86556431841593,111.3525854202013,343.15,1.0,8.481190120094124e-05,0.3145932469761181,0.5575162457814118,1.49143848,236.61563787159756
101250.0,0.7500000000000001,0.9119703020850892,1.7792203870414647,85.40257857799031,118.5561392710616,343.15,1.0,8.481190120094124e-05,0.2955065844027349,0.5936396586974116,1.49143848,237.89126711174757
108000.0,0.8000000000000002,0.966854662235888,1.7901027924577224,85.92493403797067,125.69110609066544,343.15,1.0,8.481190120094124e-05,0.27875527191342625,0.629419130594568,1.49143848,239.15475073261334
114750.0,0.85,1.0212320072714778,1.800709627781432,86.43406213350875,132.7601609452921,343.15,1.0,8.481190120094124e-05,0.2639320308453849,0.6648680760354404,1.49143848,240.40656244381597
121500.0,0.8999999999999999,1.075121100201337,1.8110661061816662,86.93117309671997,139.76574302617382,343.15,1.0,8.481190120094124e-05,0.25071935391485106,0.6999987267481296,1.49143848,241.6471341854399
128250.0,0.9499999999999993,1.1285391574377552,1.821193751225083,87.41730005880399,146.71009046690818,343.15,1.0,8.481190120094124e-05,0.23886602555061556,0.7348223062239538,1.49143848,242.87686229361574
135000.0,0.9999999999999984,1.1815020627098844,1.83111109725821,87.89333266839408,153.59526815228497,343.15,1.0,8.481190120094124e-05,0.22817065217458607,0.7693491691694138,1.49143848,244.096112425
0.0,0.0,0.0,0.0,0.0,0.0,348.15,1.0,8.481190120094124e-05,0.0,0.0,1.4925755,0.0
6750.0,0.05000000000000002,0.07076905886853756,1.5285363215585794,73.36974343481181,9.199977652909883,348.15,1.0,8.481190120094124e-05,0.0,0.0,1.4925755,266.9083993733837
20250.0,0.15000000000000002,0.20432945377435568,1.5882156232238676,76.23434991474565,26.56282899066624,348.15,1.0,8.481190120094124e-05,1.4868726817428322,0.13220599990391632,1.4925755,270.66381147723143
27000.0,0.19999999999999998,0.26885616721556255,1.6093821174850904,77.25034163928434,34.95130173802313,348.15,1.0,8.481190120094124e-05,1.132036288678246,0.1742713847210502,1.4925755,272.4781547250895
33750.0,0.25,0.33221436536057597,1.6280613995374489,78.14694717779754,43.18786749687487,348.15,1.0,8.481190120094124e-05,0.9171302319357628,0.21557500680492672,1.4925755,274.2596420017598
40500.0,0.300000000000003,0.39454905603826984,1.6450133427147617,78.96064045030856,51.29137728497508,348.15,1.0,8.481190120094124e-05,0.772792970631109,0.2562113977037649,1.4925755,276.01235059494485
47250.0,0.3499999999999999,0.4559668265324244,1.6606724314135866,79.71227670785215,59.27568744921517,348.15,1.0,8.481190120094124e-05,0.6690476041162735,0.29625004236216695,1.4925755,277.7392774947025
54000.0,0.4,0.516549566660722,1.6753176679228807,80.41524806029827,67.15144366589386,348.15,1.0,8.481190120094124e-05,0.5908111602690437,0.3357443252857077,1.4925755,279.44272525496484
60750.0,0.45000000000000007,0.5763623174337084,1.6891418173251214,81.07880723160582,74.92710126638208,348.15,1.0,8.481190120094124e-05,0.5296613355010253,0.3747366471328364,1.4925755,281.12452267983537
67500.0,0.4999999999999999,0.635458159528104,1.7022848050831079,81.70967064398917,82.60956073865353,348.15,1.0,8.481190120094124e-05,0.48052264949466184,0.4132616115424733,1.4925755,282.78616227625065
74250.0,0.5499999999999999,0.6938814104694115,1.7148518870809277,82.31289057988454,90.2045833610235,348.15,1.0,8.481190120094124e-05,0.44015276591152264,0.45134810939817616,1.4925755,284.4288901514253
81000.0,0.5999999999999999,0.7516697895301632,1.7269244303250442,82.89237265560212,97.71707263892121,348.15,1.0,8.481190120094124e-05,0.4063825757588074,0.48902073013941094,1.4925755,286.0537668848277
87750.0,0.6499999999999999,0.8088559262525788,1.7385667266049982,83.45120287703992,105.15127041283525,348.15,1.0,8.481190120094124e-05,0.3777055760141884,0.5263007451772983,1.4925755,287.6617099443784
94500.0,0.6999999999999998,0.8654684386028985,1.7498305072427225,83.99186434765068,112.5108970183768,348.15,1.0,8.481190120094124e-05,0.3530424972229126,0.5632068107504467,1.4925755,289.25352400167833
101250.0,0.75,0.9215327214766578,1.7607580458414074,84.51638620038756,119.79925379196551,348.15,1.0,8.481190120094124e-05,0.33159968018072994,0.5997554819566774,1.4925755,290.8299231029699
108000.0,0.7999999999999999,0.977071535618033,1.771384353832861,85.02644898397733,127.01929963034428,348.15,1.0,8.481190120094124e-05,0.31278033021243773,0.6359615966733813,1.4925755,292.3915472281975
114750.0,0.8499999999999999,1.0321054559987037,1.7817387719483355,85.52346105352011,134.17370927983148,348.15,1.0,8.481190120094124e-05,0.2961269536200308,0.6718385678586213,1.4925755,293.93897489839503
121500.0,0.8999999999999998,1.0866532192278315,1.7918461475676584,86.0086150832476,141.2649184996181,348.15,1.0,8.481190120094124e-05,0.2812828941124253,0.7073986100299593,1.4925755,295.47273294405636
128250.0,0.9499999999999991,1.140731997062265,1.801727721175051,86.48293061640246,148.29515961809443,348.15,1.0,8.481190120094124e-05,0.2679659586319991,0.7426529175675413,1.4925755,296.99330419561585
135000.0,0.9999999999999986,1.1943576148915047,1.8114018041891615,86.94728660107975,155.2664899358956,348.15,1.0,8.481190120094124e-05,0.2559499174455183,0.7776118071458687,1.4925755,298.5011336267451
0.0,0.0,0.0,0.0,0.0,0.0,353.15,1.0,8.481190120094124e-05,0.0,0.0,1.4937132800000001,0.0
6750.0,0.04999999999999999,0.07140068541515136,1.515014544946124,72.72069815741395,9.282089103969676,353.15,1.0,8.481190120094124e-05,0.0,0.0,1.4937132800000001,326.0243471499133
20250.0,0.15,0.20621804320483408,1.5736704011243547,75.53617925396902,26.80834561662843,353.15,1.0,8.481190120094124e-05,1.6634109287484762,0.13330740606301358,1.4937132800000001,330.65438578492797
27000.0,0.20000000000000004,0.2713889650207539,1.5943622013489698,76.52938566475055,35.280565452698006,353.15,1.0,8.481190120094124e-05,1.266491521844669,0.1757927545159742,1.4937132800000001,332.89255370955044
33750.0,0.25000000000000006,0.3353957335420015,1.6126185592866296,77.40569084575822,43.60144536046019,353.15,1.0,8.481190120094124e-05,1.0260348045157301,0.21751918385288305,1.4937132800000001,335.0907410647584
40500.0,0.30000000000000204,0.3983806183585679,1.6291918623267208,78.2012093916826,51.78948038661383,353.15,1.0,8.481190120094124e-05,0.8645175641101821,0.2585794405461948,1.4937132800000001,337.2538338215353
47250.0,0.35000000000000003,0.4604489591763436,1.6445070042422234,78.93633620362672,59.85836469292467,353.15,1.0,8.481190120094124e-05,0.748417022318157,0.29904219623635836,1.4937132800000001,339.38544966617957
54000.0,0.4,0.5216822673687678,1.6588346384656596,79.62406264635166,67.81869475793981,353.15,1.0,8.481190120094124e-05,0.6608606239662513,0.3389605887186813,1.4937132800000001,341.48838794748735
60750.0,0.4500000000000001,0.5821456316819665,1.6723610713952062,80.27333142696989,75.67893211865565,353.15,1.0,8.481190120094124e-05,0.592425005228053,0.378377049770749,1.4937132800000001,343.56488401121965
67500.0,0.5000000000000001,0.641892352795962,1.6852214620083166,80.8906301763992,83.44600586347507,353.15,1.0,8.481190120094124e-05,0.5374308331064606,0.41732632645306666,1.4937132800000001,345.61676836504887
74250.0,0.5499999999999999,0.7009670110849504,1.697517611152804,81.48084533533459,91.12571144104355,353.15,1.0,8.481190120094124e-05,0.49224981710011484,0.45583748100196797,1.4937132800000001,347.64557203478853
81000.0,0.6,0.7594075720798655,1.7093283907108667,82.0477627541216,98.72298437038252,353.15,1.0,8.481190120094124e-05,0.4544545814008632,0.49393526339437466,1.4937132800000001,349.6525988723899
87750.0,0.6500000000000001,0.8172468717642672,1.720716283641682,82.59438161480074,106.24209332935474,353.15,1.0,8.481190120094124e-05,0.42235923008886567,0.5316410796218621,1.4937132800000001,351.638976565526
94500.0,0.7000000000000001,0.8745136890749498,1.731731699391711,83.12312157080213,113.68677957974347,353.15,1.0,8.481190120094124e-05,0.3947559701010665,0.5689736908607913,1.4937132800000001,353.6056934705288
101250.0,0.75,0.9312335366426843,1.7424159354225948,83.63596490028455,121.06035976354896,353.15,1.0,8.481190120094124e-05,0.3707566289663744,0.6059497289613505,1.4937132800000001,355.5536257688346
108000.0,0.8,0.9874292550098864,1.7528032737412687,84.13455713958089,128.36580315128523,353.15,1.0,8.481190120094124e-05,0.34969334184152484,0.6425840838219228,1.4937132800000001,357.48355787422753
114750.0,0.8499999999999995,1.0431214670680673,1.7629225030341644,84.6202801456399,135.60579071884874,353.15,1.0,8.481190120094124e-05,0.33105413284929025,0.6788901996398211,1.4937132800000001,359.39619803960636
121500.0,0.9,1.098328931259193,1.7727980472872453,85.09430626978778,142.7827610636951,353.15,1.0,8.481190120094124e-05,0.3144398708431774,0.7148803051655552,1.4937132800000001,361.2921904869948
128250.0,0.9499999999999997,1.1530688202103456,1.782450817778188,85.55763925335302,149.89894662734494,353.15,1.0,8.481190120094124e-05,0.29953475438777477,0.7505655953465818,1.4937132800000001,363.1721249767037
135000.0,0.9999999999999983,1.2073569435747669,1.7918988663418078,86.01114558440678,156.9564026647197,353.15,1.0,8.481190120094124e-05,0.2860856088496005,0.7859563765988323,1.4937132800000001,365.03654446037166
